wilayah,parlemen,pendapatan,pengeluaran,ahh,profesional,tpak,rls,hls,provinsi,pulau
ACEH,8.97,34.56,10811.0,72.45,55.82,49.62,9.64,14.39,Aceh,Sumatera
SUMATERA UTARA,17.35,36.08,11460.0,72.3,54.4,58.54,9.93,13.49,Sumatera Utara,Sumatera
SUMATERA BARAT,15.38,37.85,11718.0,72.35,59.82,57.75,9.44,14.3,Sumatera Barat,Sumatera
RIAU,13.85,28.18,11857.0,74.58,54.73,47.05,9.43,13.42,Riau,Sumatera
JAMBI,12.73,30.53,11621.0,74.09,51.97,51.17,8.9,13.14,Jambi,Sumatera
SUMATERA SELATAN,24.0,35.31,12015.0,72.95,53.16,55.35,8.57,12.64,Sumatera Selatan,Sumatera
BENGKULU,22.22,35.03,11733.0,72.15,55.92,57.74,9.04,13.75,Bengkulu,Sumatera
LAMPUNG,17.65,29.47,11258.0,73.54,54.8,54.58,8.36,12.78,Lampung,Sumatera
KEP. BANGKA BELITUNG,22.22,27.56,13667.0,73.52,51.21,50.57,8.33,12.49,Kepulauan Bangka Belitung,Sumatera
KEP. RIAU,13.95,28.47,15573.0,73.27,47.12,52.15,10.5,13.27,Kepulauan Riau,Sumatera
DKI JAKARTA,25.47,38.17,19953.0,76.28,48.04,50.24,11.49,13.51,DKI Jakarta,Jawa
JAWA BARAT,22.69,29.93,12157.0,76.56,45.79,50.59,8.87,12.8,Jawa Barat,Jawa
JAWA TENGAH,17.65,35.43,12276.0,76.99,49.75,61.82,8.02,12.86,Jawa Tengah,Jawa
DI YOGYAKARTA,16.36,42.28,15361.0,77.4,52.49,66.59,9.92,15.7,DI Yogyakarta,Jawa
JAWA TIMUR,20.0,35.78,12852.0,74.4,50.73,60.64,8.28,13.43,Jawa Timur,Jawa
BANTEN,14.0,32.34,13097.0,73.04,45.7,48.9,9.23,13.1,Banten,Jawa
BALI,18.18,38.83,14920.0,75.49,47.6,70.49,9.54,13.62,Bali,Bali & Nusa Tenggara
NUSA TENGGARA BARAT,10.77,33.06,11606.0,69.77,47.36,68.04,7.87,13.98,Nusa Tenggara Barat,Bali & Nusa Tenggara
NUSA TENGGARA TIMUR,23.08,44.58,8534.0,70.03,51.57,70.4,8.02,13.23,Nusa Tenggara Timur,Bali & Nusa Tenggara
KALIMANTAN BARAT,23.08,34.96,10321.0,73.59,48.34,53.95,7.78,12.68,Kalimantan Barat,Kalimantan
KALIMANTAN TENGAH,20.0,33.62,12303.0,72.44,48.47,49.6,8.81,12.77,Kalimantan Tengah,Kalimantan
KALIMANTAN SELATAN,20.0,36.1,13399.0,71.67,50.55,55.52,8.62,12.87,Kalimantan Selatan,Kalimantan
KALIMANTAN TIMUR,12.73,24.85,13793.0,76.9,51.65,49.07,10.02,14.03,Kalimantan Timur,Kalimantan
KALIMANTAN UTARA,17.14,26.68,12451.0,74.65,46.49,44.0,10.37,14.22,Kalimantan Utara,Kalimantan
SULAWESI UTARA,45.24,31.8,12529.0,72.97,53.98,48.62,9.43,13.02,Sulawesi Utara,Sulawesi
SULAWESI TENGAH,25.45,30.88,9117.0,70.06,54.47,50.77,8.0,12.62,Sulawesi Tengah,Sulawesi
SULAWESI SELATAN,25.0,32.73,11679.0,70.15,55.1,44.93,7.73,12.5,Sulawesi Selatan,Sulawesi
SULAWESI TENGGARA,28.89,36.92,10250.0,73.23,53.68,51.12,8.76,12.79,Sulawesi Tenggara,Sulawesi
GORONTALO,24.44,27.36,10476.0,68.97,58.43,56.14,7.4,12.5,Gorontalo,Sulawesi
SULAWESI BARAT,11.11,37.66,12190.0,69.69,55.48,54.11,8.13,12.09,Sulawesi Barat,Sulawesi
MALUKU,13.33,37.39,8488.0,65.71,53.78,40.89,9.21,12.37,Maluku,Maluku
MALUKU UTARA,28.89,37.28,8607.0,72.36,49.19,59.19,8.67,13.69,Maluku Utara,Maluku
PAPUA BARAT,8.57,28.66,13008.0,71.74,38.13,58.51,8.67,13.79,Papua Barat,Papua
PAPUA BARAT DAYA,14.29,28.38,5489.0,63.22,40.65,71.13,5.89,12.45,Papua Barat Daya,Papua
PAPUA,15.56,36.55,8409.0,71.77,44.02,54.83,9.71,12.82,Papua,Papua
PAPUA SELATAN,11.43,37.8,7809.0,68.97,40.83,59.32,6.12,9.63,Papua Selatan,Papua
PAPUA TENGAH,10.0,33.65,7470.0,69.35,38.51,48.63,4.81,10.54,Papua Tengah,Papua
PAPUA PEGUNUNGAN,8.89,39.02,4943.0,66.21,24.01,88.97,3.7,9.78,Papua Pegunungan,Papua
